,Date,Ticker,Open,High,Low,Close,Volume,Adj Close
0,2026-09-01,NDAQ,98.30999755859375,98.9000015258789,97.04000091552734,97.30999755859375,536684.0,
1,2026-09-01,MTD,1410.75,1411.010009765625,1373.6199951171875,1374.93505859375,72256.0,
2,2026-09-01,CNP,39.790000915527344,39.95000076293945,39.33000183105469,39.369998931884766,1397438.0,
3,2026-09-01,HPQ,29.75,31.18000030517578,29.75,30.704999923706055,5086479.0,
4,2026-09-01,BG,117.98999786376953,121.1968002319336,117.44999694824219,119.12000274658203,551514.0,
5,2026-09-01,LYV,179.47000122070312,180.1649932861328,177.44000244140625,177.4949951171875,530335.0,
6,2026-09-01,RL,341.9800109863281,345.7449951171875,339.1099853515625,340.6990051269531,254216.0,
7,2026-09-01,TT,446.8800048828125,448.885498046875,439.2950134277344,439.8949890136719,260860.0,
8,2026-09-01,HUBB,448.5199890136719,450.9525146484375,442.4501037597656,443.1000061035156,197961.0,
9,2026-09-01,BDX,190.3000030517578,191.5500030517578,187.47000122070312,188.2899932861328,365680.0,
10,2026-09-01,PH,975.7100219726562,979.8699951171875,954.9180297851562,955.97998046875,219430.0,
11,2026-09-01,WEC,106.75,107.3322982788086,106.0199966430664,106.16999816894531,505029.0,
12,2026-09-01,WYNN,89.62999725341797,92.08000183105469,89.44000244140625,91.05999755859375,567582.0,
13,2026-09-01,RMD,239.89999389648438,242.39999389648438,231.5800018310547,232.00999450683594,305015.0,
14,2026-09-01,HIG,137.80999755859375,138.6699981689453,136.27999877929688,137.0,284235.0,
15,2026-09-01,AOS,58.7400016784668,59.584999084472656,58.7400016784668,58.95000076293945,264348.0,
16,2026-09-01,FLEX,107.97000122070312,109.18000030517578,105.8499984741211,105.8499984741211,799056.0,
17,2026-09-01,HON,213.1699981689453,214.0,209.75,209.83999633789062,744459.0,
18,2026-09-01,ARES,140.0,142.75,137.25999450683594,139.08999633789062,530247.0,
19,2026-09-01,LLY,1188.0,1188.324951171875,1162.614990234375,1163.5050048828125,961001.0,
20,2026-09-01,MNST,45.939998626708984,46.099998474121094,45.119998931884766,45.1349983215332,1918291.0,
21,2026-09-01,DLR,185.6699981689453,186.97000122070312,182.27999877929688,183.2100067138672,611371.0,
22,2026-09-01,SRE,82.95999908447266,83.7300033569336,82.44999694824219,83.22000122070312,2034549.0,
23,2026-09-01,AMP,549.8499755859375,558.5599975585938,543.8699951171875,543.8699951171875,137519.0,
24,2026-09-01,CDW,151.5800018310547,152.92999267578125,148.07000732421875,150.5500030517578,423799.0,
25,2026-09-01,RTX,208.50999450683594,211.30999755859375,205.47000122070312,205.65499877929688,927304.0,
26,2026-09-01,AWK,139.1699981689453,139.55999755859375,137.0500030517578,137.52000427246094,673102.0,
27,2026-09-01,CMS,68.45999908447266,68.68000030517578,67.83999633789062,67.9000015258789,667982.0,
28,2026-09-01,VRSK,193.42999267578125,197.2100067138672,192.97999572753906,194.63499450683594,298377.0,
29,2026-09-01,ABT,112.25,113.8499984741211,109.0999984741211,109.80999755859375,2585683.0,
30,2026-09-01,BALL,62.91999816894531,63.21269989013672,62.59000015258789,62.65999984741211,380871.0,
31,2026-09-01,WRB,67.98999786376953,68.15499877929688,67.49500274658203,67.73999786376953,391182.0,
32,2026-09-01,UBER,75.2699966430664,76.11000061035156,74.62000274658203,75.3499984741211,4815170.0,
33,2026-09-01,ACN,187.322998046875,190.5,187.02000427246094,187.78500366210938,1549897.0,
34,2026-09-01,IBM,231.0,233.08999633789062,230.0,230.72500610351562,1102232.0,
35,2026-09-01,EW,91.38999938964844,92.94999694824219,90.27999877929688,90.47129821777344,683009.0,
36,2026-09-01,FICO,1135.9300537109375,1135.7449951171875,1089.8399658203125,1096.135009765625,96931.0,
37,2026-09-01,CNC,64.72000122070312,66.47000122070312,64.72000122070312,65.82499694824219,1278913.0,
38,2026-09-01,CME,285.95001220703125,289.8999938964844,282.9800109863281,284.625,423643.0,
39,2026-09-01,CCL,23.600000381469727,23.969999313354492,23.44499969482422,23.456100463867188,9234801.0,
40,2026-09-01,TROW,109.2300033569336,111.01000213623047,108.51010131835938,108.9749984741211,444384.0,
41,2026-09-01,GD,371.5,375.30499267578125,368.1499938964844,369.7349853515625,338516.0,
42,2026-09-01,CVX,209.0,209.80999755859375,207.8000030517578,208.67999267578125,3365868.0,
43,2026-09-01,PANW,374.82000732421875,375.9200134277344,359.1300048828125,359.5,3083251.0,
44,2026-09-01,HII,290.8800048828125,294.3999938964844,290.7001037597656,292.2250061035156,101860.0,
45,2026-09-01,ADI,356.4200134277344,356.44000244140625,348.69500732421875,352.1499938964844,948540.0,
46,2026-09-01,HUM,387.67999267578125,398.32000732421875,386.32000732421875,391.57501220703125,416259.0,
47,2026-09-01,BKNG,198.39999389648438,201.42999267578125,197.5,198.33999633789062,1536420.0,
48,2026-09-01,TRGP,299.4800109863281,299.3599853515625,292.3999938964844,295.0150146484375,475723.0,
49,2026-09-01,FE,46.060001373291016,46.29999923706055,45.75899887084961,45.92499923706055,813851.0,
50,2026-09-01,ARE,51.27000045776367,52.560001373291016,50.6349983215332,51.775001525878906,549608.0,
51,2026-09-01,DTE,136.58999633789062,137.02200317382812,135.52000427246094,135.6649932861328,266864.0,
52,2026-09-01,MA,589.6500244140625,592.6400146484375,585.0599975585938,587.905029296875,766453.0,
53,2026-09-01,AIZ,282.4599914550781,284.43499755859375,281.5450134277344,281.57000732421875,64411.0,
54,2026-09-01,AMT,175.89999389648438,178.23500061035156,174.6199951171875,174.77000427246094,716034.0,
55,2026-09-01,ERIE,258.5299987792969,261.4599914550781,254.7449951171875,256.9451904296875,76571.0,
56,2026-09-01,OXY,61.099998474121094,61.22999954223633,60.05500030517578,60.53499984741211,2933618.0,
57,2026-09-01,GEHC,71.25,71.73829650878906,70.3468017578125,71.08000183105469,829778.0,
58,2026-09-01,TXN,256.19000244140625,257.6199951171875,251.33999633789062,251.4199981689453,2567282.0,
59,2026-09-01,IBKR,94.625,94.9000015258789,91.72000122070312,92.30000305175781,2494313.0,
60,2026-09-01,HOOD,105.33999633789062,106.95999908447266,103.3499984741211,105.20500183105469,14541687.0,
61,2026-09-01,WAT,415.30999755859375,424.4599914550781,405.7300109863281,406.79998779296875,185022.0,
62,2026-09-01,TEL,205.2100067138672,205.91000366210938,202.0749969482422,202.4550018310547,547853.0,
63,2026-09-01,VMC,266.9800109863281,267.5799865722656,257.18499755859375,258.04998779296875,678205.0,
64,2026-09-01,EL,101.31999969482422,102.16999816894531,99.23999786376953,99.86000061035156,1105133.0,
65,2026-09-01,MDT,94.0,95.41000366210938,90.80000305175781,92.73999786376953,9536998.0,
66,2026-09-01,D,66.25,66.6500015258789,65.8561019897461,65.95999908447266,1345147.0,
67,2026-09-01,VEEV,282.1199951171875,286.7900085449219,280.44000244140625,280.57000732421875,441204.0,
68,2026-09-01,CTSH,64.36000061035156,65.08000183105469,63.830101013183594,63.89500045776367,1352767.0,
69,2026-09-01,TXT,80.16000366210938,80.83999633789062,79.73999786376953,80.11000061035156,429685.0,
70,2026-09-01,KDP,31.959999084472656,32.22999954223633,31.80500030517578,31.82990074157715,1813674.0,
71,2026-09-01,HAL,37.040000915527344,37.150001525878906,36.665000915527344,36.83000183105469,3484767.0,
72,2026-09-01,ZTS,77.91000366210938,77.91999816894531,76.16000366210938,76.9800033569336,1232024.0,
73,2026-09-01,NDSN,321.19000244140625,322.0,315.07000732421875,315.1700134277344,73600.0,
74,2026-09-01,TFC,49.560001373291016,50.16999816894531,49.23500061035156,49.2400016784668,2606254.0,
75,2026-09-01,UHS,171.4600067138672,174.36000061035156,170.02000427246094,172.86000061035156,129489.0,
76,2026-09-01,TDY,610.72998046875,615.4000244140625,607.760009765625,608.2050170898438,58323.0,
77,2026-09-01,ACGL,98.7300033569336,99.55500030517578,98.0999984741211,98.38500213623047,554662.0,
78,2026-09-01,KHC,25.75200080871582,26.25,25.6200008392334,25.795000076293945,5111045.0,
79,2026-09-01,BLK,1142.010009765625,1149.139892578125,1128.0,1128.06494140625,162460.0,
80,2026-09-01,EQIX,1040.2900390625,1049.1800537109375,1029.989990234375,1031.8800048828125,150943.0,
81,2026-09-01,ROP,420.9700012207031,426.05999755859375,418.29998779296875,419.1050109863281,144387.0,
82,2026-09-01,EXE,98.3499984741211,99.88500213623047,98.0199966430664,99.56999969482422,634863.0,
83,2026-09-01,ECHO,85.54000091552734,87.0,85.27999877929688,86.43000030517578,443894.0,
84,2026-09-01,FAST,49.119998931884766,49.23500061035156,48.750099182128906,48.78499984741211,1572891.0,
85,2026-09-01,GRMN,283.4200134277344,284.17999267578125,277.3349914550781,277.3575134277344,278115.0,
86,2026-09-01,VRT,255.22000122070312,257.8900146484375,248.75,254.2050018310547,2221612.0,
87,2026-09-01,SPGI,433.30999755859375,436.95001220703125,428.6499938964844,429.04998779296875,519048.0,
88,2026-09-01,ISRG,375.2950134277344,375.3999938964844,366.3900146484375,367.0,723547.0,
89,2026-09-01,DPZ,342.0,351.1050109863281,340.57000732421875,342.010009765625,266405.0,
90,2026-09-01,GL,173.42999267578125,174.4499969482422,172.18319702148438,172.61000061035156,88592.0,
91,2026-09-01,MAR,340.5350036621094,342.489990234375,337.6650085449219,337.7550048828125,438220.0,
92,2026-09-01,FTV,58.66999816894531,58.96500015258789,57.68000030517578,57.85499954223633,1261847.0,
93,2026-09-01,APP,305.4800109863281,318.7947082519531,305.27899169921875,313.0799865722656,1992604.0,
94,2026-09-01,DVA,176.32000732421875,179.04249572753906,176.47999572753906,177.0800018310547,161113.0,
95,2026-09-01,JKHY,167.38999938964844,169.32000732421875,166.7174072265625,167.63999938964844,209473.0,
96,2026-09-01,AIG,76.41999816894531,77.31500244140625,75.95999908447266,76.08999633789062,659725.0,
97,2026-09-01,KEYS,321.4700012207031,322.0,316.20001220703125,317.69500732421875,279541.0,
98,2026-09-01,SNPS,428.0,430.875,414.9200134277344,419.7629089355469,773549.0,
99,2026-09-01,MGM,40.650001525878906,41.689998626708984,40.650001525878906,41.209999084472656,577873.0,
100,2026-09-01,BNY,160.41000366210938,161.9499969482422,159.5500030517578,159.83999633789062,797296.0,
101,2026-09-01,LHX,266.5,269.4999084472656,262.8800048828125,263.2900085449219,536912.0,
102,2026-09-01,DVN,49.22999954223633,49.22999954223633,48.42499923706055,48.790000915527344,3481099.0,
103,2026-09-01,URI,1028.0899658203125,1033.489990234375,998.094970703125,999.176025390625,120771.0,
104,2026-09-01,CTVA,85.48999786376953,87.80000305175781,85.30500030517578,87.45999908447266,2099803.0,
105,2026-09-01,PRU,118.13999938964844,119.30000305175781,116.70999908447266,116.87999725341797,398442.0,
106,2026-09-01,AEE,106.38999938964844,106.76000213623047,105.5000991821289,105.63999938964844,270515.0,
107,2026-09-01,EQT,54.38999938964844,55.34000015258789,54.29999923706055,55.2599983215332,1902803.0,
108,2026-09-01,MPC,380.7799987792969,381.1499938964844,373.0,376.114990234375,934298.0,
109,2026-09-01,RCL,267.1300048828125,269.0,265.1600036621094,265.5,705086.0,
110,2026-09-01,AJG,264.42999267578125,267.2300109863281,260.0400085449219,263.1449890136719,735028.0,
111,2026-09-01,SWKS,66.0,66.19999694824219,64.6449966430664,65.93000030517578,1229169.0,
112,2026-09-01,QCOM,165.66600036621094,166.88499450683594,162.2100067138672,165.64999389648438,3853253.0,
113,2026-09-01,SYK,329.8299865722656,331.5,320.2699890136719,321.68499755859375,788083.0,
114,2026-09-01,DASH,230.08999633789062,232.8699951171875,227.13999938964844,229.4600067138672,1146287.0,
115,2026-09-01,LOW,203.75,204.38999938964844,201.31500244140625,201.67999267578125,962310.0,
116,2026-09-01,DRI,214.11000061035156,217.13189697265625,213.77000427246094,214.13999938964844,306127.0,
117,2026-09-01,INTU,353.4949951171875,357.2049865722656,348.17999267578125,348.739990234375,1080443.0,
118,2026-09-01,BXP,67.77999877929688,68.58999633789062,67.19000244140625,67.2249984741211,404497.0,
119,2026-09-01,MO,69.37999725341797,70.5199966430664,69.06500244140625,70.01499938964844,4670416.0,
120,2026-09-01,LUV,38.099998474121094,38.45000076293945,37.810001373291016,37.849998474121094,1268140.0,
121,2026-09-01,WDC,443.3900146484375,457.6199951171875,439.2799987792969,452.2850036621094,3101598.0,
122,2026-09-01,DECK,86.33999633789062,86.92500305175781,84.6500015258789,84.80500030517578,926469.0,
123,2026-09-01,C,131.07000732421875,134.61000061035156,130.19500732421875,132.5800018310547,2669212.0,
124,2026-09-01,KKR,108.05999755859375,109.37000274658203,105.75,106.2699966430664,1442672.0,
125,2026-09-01,STE,233.8800048828125,234.5,228.9600067138672,230.34500122070312,126900.0,
126,2026-09-01,MPWR,1245.1099853515625,1250.0,1211.9599609375,1220.6099853515625,232897.0,
127,2026-09-01,HLT,317.260009765625,319.0,313.20001220703125,313.20001220703125,344973.0,
128,2026-09-01,MAA,129.0,129.8721923828125,128.65499877929688,128.85000610351562,229422.0,
129,2026-09-01,ATO,167.1300048828125,167.75,166.1649932861328,167.02999877929688,210807.0,
130,2026-09-01,AMAT,450.79998779296875,451.45001220703125,439.8999938964844,442.6600036621094,2696246.0,
131,2026-09-01,ORLY,89.2300033569336,89.2300033569336,87.55000305175781,87.9800033569336,1535686.0,
132,2026-09-01,NRG,109.5,112.1500015258789,108.33999633789062,109.94499969482422,721289.0,
133,2026-09-01,BAC,61.970001220703125,62.82500076293945,61.7234992980957,62.13999938964844,10204437.0,
134,2026-09-01,TER,341.29998779296875,342.30499267578125,328.1000061035156,332.2900085449219,978361.0,
135,2026-09-01,ETR,106.81999969482422,107.1050033569336,105.57499694824219,106.60540008544922,667478.0,
136,2026-09-01,COHR,270.5,276.0,264.63861083984375,270.8299865722656,2863614.0,
137,2026-09-01,DIS,107.23999786376953,108.94999694824219,106.91000366210938,107.02999877929688,2160480.0,
138,2026-09-01,COIN,181.64999389648438,183.99000549316406,177.1999969482422,179.10499572753906,3927116.0,
139,2026-09-01,OTIS,71.08000183105469,71.58999633789062,70.47000122070312,70.69999694824219,1850523.0,
140,2026-09-01,NOC,543.0999755859375,549.77001953125,534.3400268554688,535.0,152752.0,
141,2026-09-01,NEE,82.69999694824219,83.11000061035156,82.29000091552734,82.55000305175781,3659579.0,
142,2026-09-01,TECH,72.36000061035156,72.38999938964844,72.2249984741211,72.24500274658203,1348796.0,
143,2026-09-01,YUM,153.63999938964844,154.58999633789062,151.94500732421875,152.3699951171875,446157.0,
144,2026-09-01,ADM,82.9000015258789,84.04499816894531,81.66000366210938,83.21499633789062,1701278.0,
145,2026-09-01,PLD,139.47000122070312,140.07000732421875,138.6699981689453,138.75010681152344,1408603.0,
146,2026-09-01,UPS,103.75,103.94999694824219,102.45999908447266,102.4800033569336,1319132.0,
147,2026-09-01,O,61.4900016784668,61.83000183105469,61.30500030517578,61.372501373291016,2261091.0,
148,2026-09-01,FITB,53.709999084472656,54.15999984741211,53.102500915527344,53.1150016784668,1287715.0,
149,2026-09-01,LITE,901.0399780273438,909.1400146484375,854.1259765625,865.9349975585938,2131176.0,
150,2026-09-01,PG,145.75999450683594,148.35899353027344,145.09280395507812,146.92999267578125,3305287.0,
151,2026-09-01,MCO,501.8900146484375,505.2300109863281,495.70001220703125,496.2799987792969,228447.0,
152,2026-09-01,SBUX,106.12000274658203,107.18000030517578,105.38999938964844,105.41500091552734,1304194.0,
153,2026-09-01,LVS,43.54999923706055,44.150001525878906,43.36000061035156,43.93000030517578,1708103.0,
154,2026-09-01,OKE,97.69999694824219,99.84500122070312,95.30000305175781,95.94499969482422,1447388.0,
155,2026-09-01,ECL,282.7099914550781,284.2099914550781,280.19000244140625,280.3399963378906,353749.0,
156,2026-09-01,UAL,106.51000213623047,107.70999908447266,104.68000030517578,104.76499938964844,1532432.0,
157,2026-09-01,HWM,249.4600067138672,255.77999877929688,248.6999969482422,254.360107421875,2599606.0,
158,2026-09-01,ED,108.0,108.2300033569336,107.125,107.61499786376953,523261.0,
159,2026-09-01,COO,70.5,70.80000305175781,69.31999969482422,69.72000122070312,318459.0,
160,2026-09-01,EMR,151.47500610351562,152.25999450683594,148.3300018310547,148.38499450683594,675542.0,
161,2026-09-01,ROK,422.1300048828125,426.409912109375,417.3949890136719,417.55999755859375,276164.0,
162,2026-09-01,SW,46.619998931884766,46.84000015258789,46.04999923706055,46.1349983215332,1791550.0,
163,2026-09-01,STZ,131.0399932861328,131.75,130.29010009765625,130.55499267578125,951953.0,
164,2026-09-01,CPT,106.0999984741211,106.51000213623047,105.5,105.9000015258789,194349.0,
165,2026-09-01,GPC,135.25,136.1699981689453,134.50999450683594,135.0500030517578,165866.0,
166,2026-09-01,F,13.949999809265137,14.050000190734863,13.819999694824219,13.835000038146973,19205754.0,
167,2026-09-01,J,149.6300048828125,149.8000030517578,146.43499755859375,146.61000061035156,245340.0,
168,2026-09-01,VRSN,290.7799987792969,297.7300109863281,289.7701110839844,292.0950012207031,327883.0,
169,2026-09-01,CPRT,32.7599983215332,32.86000061035156,32.29999923706055,32.380001068115234,1999424.0,
170,2026-09-01,TPR,121.37999725341797,123.62000274658203,120.30999755859375,121.87999725341797,952205.0,
171,2026-09-01,NTRS,184.07000732421875,186.0050048828125,183.02499389648438,183.02999877929688,213802.0,
172,2026-09-01,GLW,144.25,147.0850067138672,143.31790161132812,143.89500427246094,4372847.0,
173,2026-09-01,CHRW,150.27000427246094,151.08999633789062,147.35000610351562,147.41000366210938,267036.0,
174,2026-09-01,PCG,13.300000190734863,13.600000381469727,13.045000076293945,13.510000228881836,34462840.0,
175,2026-09-01,ROL,36.18000030517578,36.45000076293945,35.8849983215332,35.97999954223633,984859.0,
176,2026-09-01,EXPE,313.6600036621094,315.3500061035156,306.20001220703125,308.3800048828125,872271.0,
177,2026-09-01,CLX,97.62000274658203,98.81999969482422,96.62000274658203,96.7699966430664,1177859.0,
178,2026-09-01,MRSH,190.88999938964844,191.7899932861328,186.80999755859375,188.22500610351562,663565.0,
179,2026-09-01,NCLH,15.96500015258789,16.094999313354492,15.619999885559082,15.625,7539255.0,
180,2026-09-01,FERG,222.72000122070312,223.89999389648438,219.4600067138672,219.58999633789062,599292.0,
181,2026-09-01,CSGP,31.8700008392334,32.369998931884766,31.399999618530273,32.314998626708984,1951857.0,
182,2026-09-01,MRK,150.22999572753906,151.67759704589844,148.63499450683594,148.82000732421875,3061610.0,
183,2026-09-01,SOLV,92.58999633789062,94.16000366210938,91.5199966430664,91.87000274658203,258663.0,
184,2026-09-01,PM,190.35000610351562,192.3708953857422,187.67999267578125,188.9199981689453,1422848.0,
185,2026-09-01,BLDR,65.43000030517578,65.9800033569336,64.0,64.17500305175781,1034346.0,
186,2026-09-01,L,108.7699966430664,109.38590240478516,108.11009979248047,108.31500244140625,265656.0,
187,2026-09-01,IT,197.47000122070312,198.68499755859375,190.75,191.27000427246094,254471.0,
188,2026-09-01,SYY,81.75,82.3499984741211,81.33999633789062,82.0999984741211,713070.0,
189,2026-09-01,SNDK,1526.530029296875,1609.60498046875,1513.0,1582.1300048828125,7319739.0,
190,2026-09-01,NOW,144.5500030517578,146.95989990234375,142.05999755859375,142.64500427246094,8484589.0,
191,2026-09-01,GEN,30.729999542236328,31.020000457763672,30.225099563598633,30.344999313354492,1947763.0,
192,2026-09-01,BIIB,218.11000061035156,219.3000030517578,215.3699951171875,215.5,257577.0,
193,2026-09-01,NXPI,221.6999969482422,222.34249877929688,217.3000030517578,220.47999572753906,891195.0,
194,2026-09-01,GILD,148.0,149.5,146.9149932861328,148.27000427246094,1567747.0,
195,2026-09-01,PNR,60.0099983215332,61.939998626708984,60.0,61.66999816894531,2537090.0,
196,2026-09-01,AMD,459.29998779296875,461.5,452.29998779296875,456.66009521484375,8391009.0,
197,2026-09-01,KIM,23.829999923706055,24.104999542236328,23.770000457763672,24.020000457763672,1722346.0,
198,2026-09-01,PGR,219.5,220.72000122070312,218.00010681152344,220.35000610351562,804305.0,
199,2026-09-01,CCI,76.33999633789062,77.04000091552734,75.38999938964844,75.5199966430664,812103.0,
200,2026-09-01,NTAP,184.99000549316406,185.29750061035156,178.8800048828125,180.3300018310547,516806.0,
201,2026-09-01,DXCM,90.83000183105469,92.33499908447266,90.13999938964844,90.64720153808594,669466.0,
202,2026-09-01,MRNA,139.9600067138672,150.6094970703125,138.08999633789062,148.6699981689453,13272485.0,
203,2026-09-01,AES,14.75,14.770000457763672,14.739999771118164,14.76990032196045,1685085.0,
204,2026-09-01,VST,136.5,139.27999877929688,134.89999389648438,137.35499572753906,2268823.0,
205,2026-09-01,APTV,44.68000030517578,45.69499969482422,44.540000915527344,45.310001373291016,1388095.0,
206,2026-09-01,INVH,29.209999084472656,29.34000015258789,29.079999923706055,29.1200008392334,922183.0,
207,2026-09-01,TJX,134.00999450683594,134.625,133.0399932861328,133.84500122070312,2269406.0,
208,2026-09-01,CHTR,146.3300018310547,150.49000549316406,145.5,146.5,790748.0,
209,2026-09-01,LDOS,140.49000549316406,142.47999572753906,138.41000366210938,138.42999267578125,378670.0,
210,2026-09-01,COP,135.0,135.47999572753906,133.63729858398438,135.1300048828125,2565679.0,
211,2026-09-01,BRO,72.73999786376953,73.0,71.69000244140625,72.00499725341797,305532.0,
212,2026-09-01,TYL,370.29998779296875,376.70001220703125,368.0199890136719,375.6449890136719,242366.0,
213,2026-09-01,PSX,251.66000366210938,252.0,247.13499450683594,248.4499969482422,1135497.0,
214,2026-09-01,COR,325.9700012207031,330.67498779296875,325.9200134277344,328.5849914550781,361594.0,
215,2026-09-01,CRM,255.00999450683594,262.32000732421875,255.07009887695312,255.6699981689453,8143504.0,
216,2026-09-01,CDNS,331.19000244140625,332.8399963378906,316.5299987792969,316.7149963378906,856440.0,
217,2026-09-01,COST,945.530029296875,952.094970703125,943.5,944.625,527865.0,
218,2026-09-01,PFG,110.36000061035156,111.0199966430664,108.6500015258789,108.94999694824219,332509.0,
219,2026-09-01,VMRK,65.0,65.69999694824219,64.94999694824219,65.3499984741211,1221194.0,
220,2026-09-01,FRT,116.5199966430664,116.98999786376953,115.88009643554688,116.45999908447266,204303.0,
221,2026-09-01,EVRG,81.20999908447266,81.80000305175781,80.91000366210938,81.44000244140625,570478.0,
222,2026-09-01,AVGO,364.3599853515625,370.4200134277344,362.0,368.79998779296875,8203311.0,
223,2026-09-01,INTC,86.89749908447266,89.41000366210938,85.72000122070312,88.80599975585938,42302226.0,
224,2026-09-01,BA,206.6999969482422,208.11000061035156,205.98959350585938,206.30499267578125,1599935.0,
225,2026-09-01,MAS,71.76000213623047,71.84500122070312,70.58000183105469,70.72000122070312,422141.0,
226,2026-09-01,NVR,6292.0,6370.22998046875,6250.0,6308.89013671875,13608.0,
227,2026-09-01,HBAN,16.68000030517578,16.80500030517578,16.5049991607666,16.51099967956543,8993959.0,
228,2026-09-01,PODD,149.99000549316406,151.16000366210938,146.80999755859375,147.9250030517578,319899.0,
229,2026-09-01,JNJ,270.8299865722656,271.8399963378906,267.0199890136719,268.54998779296875,2092313.0,
230,2026-09-01,FDXF,133.57000732421875,135.6999969482422,127.62999725341797,127.67500305175781,300225.0,
231,2026-09-01,MLM,512.1099853515625,512.3900146484375,502.55999755859375,504.92498779296875,306940.0,
232,2026-09-01,MRVL,205.05169677734375,210.02999877929688,200.6199951171875,208.83999633789062,12775903.0,
233,2026-09-01,FOX,59.91999816894531,60.48500061035156,59.290000915527344,59.5,420484.0,
234,2026-09-01,TMO,619.0,621.0,601.2650146484375,602.0999755859375,481379.0,
235,2026-09-01,CRWD,228.1875,231.29859924316406,213.8000030517578,214.76499938964844,7019921.0,
236,2026-09-01,AKAM,108.91999816894531,109.98999786376953,106.06999969482422,106.37000274658203,952424.0,
237,2026-09-01,VTRS,16.690000534057617,16.90999984741211,16.510000228881836,16.584999084472656,2354132.0,
238,2026-09-01,MMM,171.9600067138672,172.4250030517578,170.28359985351562,170.88999938964844,1067543.0,
239,2026-09-01,EXPD,189.42999267578125,189.75999450683594,187.0,188.14999389648438,292751.0,
240,2026-09-01,FIS,,,,,,
241,2026-09-01,STLD,229.11500549316406,236.11000061035156,229.0399932861328,234.84500122070312,171460.0,
242,2026-09-01,MCHP,71.91500091552734,72.37000274658203,70.44999694824219,71.12000274658203,3573866.0,
243,2026-09-01,WY,23.290000915527344,23.30500030517578,23.03499984741211,23.165000915527344,1157597.0,
244,2026-09-01,CL,90.37000274658203,91.43499755859375,90.14099884033203,90.20999908447266,1427105.0,
245,2026-09-01,TMUS,181.6999969482422,183.6199951171875,180.3800048828125,182.3000030517578,1553610.0,
246,2026-09-01,CF,132.07000732421875,133.0,129.73089599609375,132.5334014892578,1191633.0,
247,2026-09-01,PPL,34.22999954223633,34.39500045776367,34.06999969482422,34.17250061035156,1288107.0,
248,2026-09-01,EG,377.5,383.7200012207031,377.9849853515625,381.1050109863281,91482.0,
249,2026-09-01,CB,340.8999938964844,342.989990234375,338.42999267578125,339.2409973144531,275507.0,
250,2026-09-01,CMI,557.9000244140625,561.5900268554688,550.02001953125,552.9400024414062,232777.0,
251,2026-09-01,CAH,236.85000610351562,240.75,236.02499389648438,239.55999755859375,313581.0,
252,2026-09-01,PWR,605.3200073242188,611.989990234375,593.7150268554688,608.22998046875,295109.0,
253,2026-09-01,DOW,30.700000762939453,30.84000015258789,30.075000762939453,30.264999389648438,2383245.0,
254,2026-09-01,AMCR,45.9900016784668,46.150001525878906,45.5,45.71659851074219,600272.0,
255,2026-09-01,NKE,38.36000061035156,38.564998626708984,38.064998626708984,38.10499954223633,9550076.0,
256,2026-09-01,KR,56.77000045776367,58.88999938964844,56.709999084472656,58.709999084472656,2827336.0,
257,2026-09-01,CPAY,402.92999267578125,408.260009765625,401.8999938964844,404.8699951171875,86466.0,
258,2026-09-01,BMY,,,,,,
259,2026-09-01,FCX,73.55000305175781,75.5,73.19999694824219,73.69499969482422,5493811.0,
260,2026-09-01,T,26.09000015258789,26.31999969482422,26.010000228881836,26.100000381469727,11325120.0,
261,2026-09-01,PLTR,182.75,186.5500030517578,181.3000030517578,182.42930603027344,12540947.0,
262,2026-09-01,SO,88.43000030517578,88.73139953613281,87.75,88.11000061035156,1504731.0,
263,2026-09-01,SHW,337.9100036621094,336.94000244140625,330.9949951171875,331.489990234375,497718.0,
264,2026-09-01,CTAS,202.88999938964844,203.61000061035156,199.79049682617188,200.16000366210938,457904.0,
265,2026-09-01,PKG,233.8000030517578,234.1999969482422,230.8300018310547,231.1699981689453,220733.0,
266,2026-09-01,DE,655.3400268554688,675.75,654.9099731445312,667.405029296875,1031454.0,
267,2026-09-01,MDLZ,62.43000030517578,62.968299865722656,62.0,62.06999969482422,2446771.0,
268,2026-09-01,WSM,224.50999450683594,225.7100067138672,221.72000122070312,221.76499938964844,274372.0,
269,2026-09-01,CHD,99.95999908447266,101.29499816894531,99.68499755859375,100.08499908447266,527085.0,
270,2026-09-01,ANET,195.77000427246094,196.5,189.25999450683594,190.02999877929688,1513022.0,
271,2026-09-01,MSFT,498.010009765625,505.9700012207031,496.7799987792969,500.7200012207031,8931293.0,
272,2026-09-01,ABNB,182.0500030517578,184.21499633789062,180.75,181.72500610351562,1388999.0,
273,2026-09-01,VLTO,96.72000122070312,99.43000030517578,97.2699966430664,97.74500274658203,776876.0,
274,2026-09-01,LII,378.45001220703125,382.989990234375,376.95001220703125,378.44000244140625,137446.0,
275,2026-09-01,AZO,3005.510009765625,3005.510009765625,2933.02001953125,2964.326416015625,84673.0,
276,2026-09-01,CVS,94.98999786376953,97.4000015258789,94.68000030517578,96.80000305175781,2862099.0,
277,2026-09-01,GEV,888.52001953125,898.0,874.0,888.4149780273438,1172787.0,
278,2026-09-01,STX,815.0999755859375,832.756591796875,802.1099853515625,815.25,1080399.0,
279,2026-09-01,JPM,355.7300109863281,359.9200134277344,354.2300109863281,356.8949890136719,1861161.0,
280,2026-09-01,AXON,553.43798828125,558.969970703125,512.2332763671875,513.4000244140625,649429.0,
281,2026-09-01,ICE,160.58999633789062,161.2899932861328,158.1999969482422,158.3094940185547,1182608.0,
282,2026-09-01,A,153.5500030517578,154.2449951171875,149.8800048828125,149.98500061035156,820984.0,
283,2026-09-01,EXR,141.0800018310547,141.88999938964844,139.72000122070312,139.82000732421875,266973.0,
284,2026-09-01,GM,86.31999969482422,87.19000244140625,85.7300033569336,85.75,1637412.0,
285,2026-09-01,MS,210.22000122070312,216.25999450683594,208.9199981689453,212.8000030517578,987697.0,
286,2026-09-01,HONA,158.2899932861328,159.2449951171875,154.75,155.2449951171875,990663.0,
287,2026-09-01,RF,29.549999237060547,29.84000015258789,29.344999313354492,29.350000381469727,1954469.0,
288,2026-09-01,USB,61.63999938964844,62.11800003051758,60.9900016784668,61.02000045776367,1772599.0,
289,2026-09-01,IR,76.37000274658203,76.86499786376953,74.86499786376953,74.93499755859375,1004555.0,
290,2026-09-01,DHI,143.1300048828125,144.42999267578125,142.14500427246094,142.3249969482422,700582.0,
291,2026-09-01,AMZN,254.8300018310547,255.82000732421875,251.92999267578125,254.39999389648438,15146341.0,
292,2026-09-01,UNH,392.0799865722656,399.6000061035156,391.7799987792969,395.5,1321011.0,
293,2026-09-01,LULU,118.06400299072266,122.56999969482422,117.25189971923828,119.76499938964844,1333271.0,
294,2026-09-01,ABBV,260.989990234375,262.2650146484375,257.7900085449219,258.4700012207031,1272595.0,
295,2026-09-01,META,557.7999877929688,583.4382934570312,556.2899780273438,580.010009765625,8382363.0,
296,2026-09-01,NUE,248.5800018310547,252.24000549316406,246.0,250.9499969482422,314806.0,
297,2026-09-01,DHR,214.74000549316406,214.3350067138672,207.0,207.4149932861328,1301923.0,
298,2026-09-01,OMC,87.43000030517578,87.58999633789062,86.12999725341797,86.51000213623047,470227.0,
299,2026-09-01,BX,139.02000427246094,140.82000732421875,136.5399932861328,136.60000610351562,1662198.0,
300,2026-09-01,UNP,301.0,302.239990234375,291.32000732421875,291.32000732421875,936552.0,
301,2026-09-01,NSC,342.25,343.5400085449219,332.3299865722656,332.3399963378906,359944.0,
302,2026-09-01,WBD,28.5,28.59000015258789,28.4237003326416,28.43000030517578,4486931.0,
303,2026-09-01,WM,220.85000610351562,222.22000122070312,218.32000732421875,219.13999938964844,781087.0,
304,2026-09-01,JBHT,263.1499938964844,265.0,257.4750061035156,257.4750061035156,204293.0,
305,2026-09-01,HPE,52.4900016784668,53.130001068115234,50.540000915527344,50.869998931884766,6394695.0,
306,2026-09-01,PEP,141.25,141.42999267578125,139.6199951171875,139.72999572753906,2001177.0,
307,2026-09-01,DG,127.1500015258789,131.47000122070312,126.23999786376953,130.17999267578125,1360831.0,
308,2026-09-01,CASY,758.8400268554688,778.5900268554688,753.27001953125,771.4500122070312,136827.0,
309,2026-09-01,CRH,93.44000244140625,94.27999877929688,91.11499786376953,91.27999877929688,2336808.0,
310,2026-09-01,EIX,54.0099983215332,55.25,52.5,54.90999984741211,5877025.0,
311,2026-09-01,GNRC,182.2100067138672,184.24000549316406,178.1999969482422,180.47000122070312,312778.0,
312,2026-09-01,SJM,132.2100067138672,134.0,131.6199951171875,132.34500122070312,688605.0,
313,2026-09-01,HSY,177.16000366210938,179.17999267578125,177.0399932861328,178.19000244140625,499131.0,
314,2026-09-01,ES,70.48999786376953,70.80789947509766,70.0999984741211,70.41999816894531,306098.0,
315,2026-09-01,UDR,36.900001525878906,37.18000030517578,36.849998474121094,36.880001068115234,459627.0,
316,2026-09-01,REG,75.12999725341797,75.87000274658203,75.0199966430664,75.61000061035156,349396.0,
317,2026-09-01,WTW,341.1199951171875,342.82501220703125,336.9075012207031,338.9599914550781,80316.0,
318,2026-09-01,APD,308.0,308.8999938964844,303.93499755859375,304.8999938964844,326757.0,
319,2026-09-01,SBAC,189.66000366210938,191.06500244140625,187.3249969482422,187.7100067138672,187290.0,
320,2026-09-01,APH,159.11000061035156,160.0,156.64100646972656,158.1199951171875,1857360.0,
321,2026-09-01,WDAY,196.36000061035156,205.37289428710938,195.9499969482422,198.97999572753906,1405667.0,
322,2026-09-01,HAS,93.41000366210938,94.74500274658203,93.41000366210938,93.71499633789062,246285.0,
323,2026-09-01,CMCSA,26.523000717163086,26.760000228881836,26.440000534057617,26.524999618530273,7255250.0,
324,2026-09-01,FANG,204.50999450683594,204.72689819335938,199.0500030517578,201.0500030517578,611088.0,
325,2026-09-01,TAP,39.779998779296875,40.130001068115234,39.56999969482422,39.66999816894531,706146.0,
326,2026-09-01,APO,133.92999267578125,135.2899932861328,130.38999938964844,130.42999267578125,818831.0,
327,2026-09-01,TPL,377.1400146484375,376.79998779296875,365.0,367.0150146484375,76035.0,
328,2026-09-01,ELV,396.44000244140625,404.82000732421875,393.57501220703125,402.5899963378906,337387.0,
329,2026-09-01,PPG,111.2300033569336,111.78500366210938,109.77999877929688,109.87000274658203,337327.0,
330,2026-09-01,VTR,92.01000213623047,93.37000274658203,91.41000366210938,92.99500274658203,691947.0,
331,2026-09-01,GPN,90.33000183105469,92.0,89.7300033569336,91.55999755859375,508387.0,
332,2026-09-01,FISV,52.415000915527344,52.900001525878906,51.939998626708984,52.505001068115234,1916724.0,
333,2026-09-01,ALLE,155.83999633789062,156.22999572753906,152.25,152.3249969482422,279739.0,
334,2026-09-01,SWK,96.0,97.69049835205078,94.62999725341797,94.72250366210938,469643.0,
335,2026-09-01,IQV,262.0899963378906,262.3699951171875,257.19000244140625,259.1000061035156,510221.0,
336,2026-09-01,WMB,75.55999755859375,76.31999969482422,74.3499984741211,75.18000030517578,1808051.0,
337,2026-09-01,MCD,262.75,264.5,260.75,261.0150146484375,1614653.0,
338,2026-09-01,Q,117.6500015258789,118.47000122070312,113.33000183105469,115.5999984741211,1216082.0,
339,2026-09-01,JBL,302.07000732421875,306.0799865722656,295.1199951171875,295.2699890136719,323311.0,
340,2026-09-01,ADBE,288.260009765625,294.5299987792969,287.2699890136719,288.05499267578125,1899477.0,
341,2026-09-01,FDX,327.5400085449219,330.4827880859375,321.760009765625,321.80999755859375,254957.0,
342,2026-09-01,BKR,63.869998931884766,64.2699966430664,63.130001068115234,63.790000915527344,2211319.0,
343,2026-09-01,ALB,132.0,137.27000427246094,131.41000366210938,136.75,522693.0,
344,2026-09-01,WELL,238.0500030517578,242.44000244140625,237.91000366210938,241.97000122070312,1109867.0,
345,2026-09-01,BBY,79.83000183105469,81.79000091552734,79.11000061035156,81.37560272216797,1173098.0,
346,2026-09-01,DAL,77.51000213623047,78.17500305175781,76.19000244140625,76.23999786376953,2363425.0,
347,2026-09-01,ON,72.62999725341797,72.97000122070312,71.41999816894531,72.1500015258789,1849489.0,
348,2026-09-01,ADSK,253.47999572753906,256.3699951171875,249.85000610351562,250.8300018310547,694365.0,
349,2026-09-01,NVDA,216.61000061035156,220.41000366210938,215.10000610351562,219.42999267578125,50865665.0,
350,2026-09-01,FTNT,167.55999755859375,169.92999267578125,161.1999969482422,161.44000244140625,1705836.0,
351,2026-09-01,PTC,153.47000122070312,155.5800018310547,152.23500061035156,153.10499572753906,221984.0,
352,2026-09-01,AMGN,435.3009948730469,435.5,431.0,432.0,674584.0,
353,2026-09-01,CAT,788.8800048828125,790.219970703125,776.5499877929688,777.780029296875,1113257.0,
354,2026-09-01,GIS,41.560001373291016,42.20000076293945,41.172000885009766,41.244998931884766,3947858.0,
355,2026-09-01,INCY,124.61000061035156,125.13919830322266,122.5,123.52999877929688,371747.0,
356,2026-09-01,IEX,227.4600067138672,228.57000732421875,223.3300018310547,223.5,112576.0,
357,2026-09-01,IFF,86.0199966430664,86.8499984741211,85.12000274658203,86.05999755859375,370011.0,
358,2026-09-01,ODFL,199.74000549316406,201.75759887695312,189.1699981689453,189.3300018310547,639226.0,
359,2026-09-01,CARR,57.900001525878906,58.29499816894531,57.474998474121094,57.494998931884766,1621127.0,
360,2026-09-01,IP,37.70000076293945,37.900001525878906,36.880001068115234,37.029998779296875,1731880.0,
361,2026-09-01,XOM,163.60000610351562,164.11329650878906,162.21499633789062,163.10000610351562,3937952.0,
362,2026-09-01,KEY,21.34000015258789,21.584999084472656,21.209999084472656,21.21500015258789,2839470.0,
363,2026-09-01,HST,21.90999984741211,22.0049991607666,21.739999771118164,21.739999771118164,1588581.0,
364,2026-09-01,CEG,268.00201416015625,284.25,268.00201416015625,279.2699890136719,1024315.0,
365,2026-09-01,ETN,397.989990234375,401.0,387.0,389.2699890136719,885949.0,
366,2026-09-01,AME,234.11000061035156,235.77999877929688,229.6300048828125,229.8000030517578,471063.0,
367,2026-09-01,FOXA,66.83999633789062,67.58000183105469,66.47000122070312,66.62999725341797,1773343.0,
368,2026-09-01,CFG,68.58000183105469,69.31999969482422,67.98999786376953,68.0250015258789,712654.0,
369,2026-09-01,MET,95.55999755859375,96.18000030517578,93.98500061035156,94.11000061035156,915250.0,
370,2026-09-01,MU,,,,,,
371,2026-09-01,CI,279.6600036621094,283.55499267578125,278.7349853515625,282.05999755859375,474110.0,
372,2026-09-01,DD,133.52000427246094,134.03500366210938,131.9199981689453,132.5500030517578,256865.0,
373,2026-09-01,WAB,281.8299865722656,282.69000244140625,277.1700134277344,280.7099914550781,293435.0,
374,2026-09-01,TTWO,217.0,219.53990173339844,214.13999938964844,217.9199981689453,1223208.0,
375,2026-09-01,AVY,173.66000366210938,175.97000122070312,173.1199951171875,174.1300048828125,206699.0,
376,2026-09-01,SYF,76.26000213623047,78.23999786376953,76.22000122070312,76.90499877929688,1226645.0,
377,2026-09-01,TRMB,59.38999938964844,60.689998626708984,58.939998626708984,59.01499938964844,1309406.0,
378,2026-09-01,MSCI,568.8300170898438,572.6599731445312,561.010009765625,561.4500122070312,97608.0,
379,2026-09-01,SLB,60.0,60.18000030517578,57.97999954223633,58.09000015258789,7451633.0,
380,2026-09-01,GE,333.7099914550781,336.25,330.2699890136719,330.57000732421875,1196934.0,
381,2026-09-01,CRL,289.260009765625,290.5299072265625,283.69000244140625,283.760009765625,145331.0,
382,2026-09-01,PSKY,10.8100004196167,10.858200073242188,10.51200008392334,10.53499984741211,2862290.0,
383,2026-09-01,RDDT,144.7899932861328,147.8625030517578,143.8000030517578,145.8800048828125,1558326.0,
384,2026-09-01,DLTR,127.41000366210938,131.69500732421875,126.4749984741211,130.8300018310547,599072.0,
385,2026-09-01,SMCI,36.38999938964844,37.150001525878906,35.720001220703125,36.59000015258789,13132176.0,
386,2026-09-01,SNA,384.9700012207031,386.2900085449219,382.0050048828125,382.2101135253906,55924.0,
387,2026-09-01,IRM,115.5999984741211,116.42500305175781,113.7750015258789,114.38500213623047,460377.0,
388,2026-09-01,STT,189.77999877929688,191.86000061035156,187.48500061035156,187.6199951171875,319553.0,
389,2026-09-01,ZBH,101.48999786376953,102.86000061035156,99.83499908447266,100.2750015258789,439952.0,
390,2026-09-01,VRTX,547.5,551.4000244140625,545.0800170898438,548.7150268554688,231278.0,
391,2026-09-01,V,379.6499938964844,380.75,376.5,376.8949890136719,1743062.0,
392,2026-09-01,FIX,1518.72998046875,1554.6700439453125,1511.9100341796875,1542.3199462890625,156574.0,
393,2026-09-01,AON,321.4150085449219,328.5199890136719,312.9200134277344,327.32000732421875,1020934.0,
394,2026-09-01,CIEN,376.8900146484375,381.5950012207031,359.1700134277344,359.17999267578125,710174.0,
395,2026-09-01,DOC,20.799999237060547,21.0,20.65999984741211,20.856300354003906,1598615.0,
396,2026-09-01,TGT,161.74000549316406,164.32000732421875,161.3000030517578,162.97000122070312,1601181.0,
397,2026-09-01,LEN,83.75,84.51000213623047,83.12329864501953,83.81500244140625,865976.0,
398,2026-09-01,ALGN,158.2100067138672,159.3300018310547,156.1699981689453,156.17999267578125,113758.0,
399,2026-09-01,FSLR,199.0019989013672,202.61000061035156,198.610107421875,200.30999755859375,608779.0,
400,2026-09-01,HD,326.010009765625,326.8299865722656,321.06500244140625,321.3299865722656,1201091.0,
401,2026-09-01,NFLX,80.11199951171875,82.12550354003906,79.5999984741211,80.93000030517578,9997578.0,
402,2026-09-01,RSG,222.61000061035156,224.4250030517578,220.6074981689453,221.86000061035156,387603.0,
403,2026-09-01,EXC,43.959999084472656,44.22999954223633,43.689998626708984,43.720001220703125,1699204.0,
404,2026-09-01,WFC,86.44000244140625,87.94000244140625,86.01000213623047,86.7699966430664,8468216.0,
405,2026-09-01,DELL,455.69000244140625,462.8299865722656,435.3399963378906,435.8599853515625,4288536.0,
406,2026-09-01,KLAC,172.3699951171875,173.19650268554688,168.32000732421875,169.8699951171875,3200762.0,
407,2026-09-01,WST,341.8299865722656,342.6650085449219,338.3999938964844,340.1499938964844,164685.0,
408,2026-09-01,PNW,98.0,98.2699966430664,97.44000244140625,97.62999725341797,295459.0,
409,2026-09-01,TSCO,34.849998474121094,35.494998931884766,34.755001068115234,34.904998779296875,1930083.0,
410,2026-09-01,NEM,121.94000244140625,126.08999633789062,121.9000015258789,123.8499984741211,3472633.0,
411,2026-09-01,ZBRA,352.0,354.4649963378906,346.239990234375,346.67999267578125,207279.0,
412,2026-09-01,PSA,306.8900146484375,308.56500244140625,304.1099853515625,304.67498779296875,342573.0,
413,2026-09-01,TKO,181.4499969482422,183.6999969482422,181.2100067138672,182.32000732421875,178802.0,
414,2026-09-01,BSX,49.1150016784668,49.099998474121094,47.27000045776367,47.630001068115234,3700076.0,
415,2026-09-01,BR,181.6199951171875,183.30999755859375,178.6300048828125,180.08999633789062,251480.0,
416,2026-09-01,BF-B,26.56999969482422,26.84000015258789,26.43000030517578,26.479999542236328,899414.0,
417,2026-09-01,CSCO,110.0999984741211,110.72000122070312,108.93000030517578,109.04000091552734,3614699.0,
418,2026-09-01,GOOG,332.29998779296875,333.94970703125,329.2900085449219,332.2001037597656,6714328.0,
419,2026-09-01,DUK,120.4800033569336,121.25,119.95999908447266,120.22000122070312,1091832.0,
420,2026-09-01,XYL,109.68000030517578,110.19999694824219,107.70999908447266,107.78500366210938,598100.0,
421,2026-09-01,KMI,32.5099983215332,32.689998626708984,31.889999389648438,32.09000015258789,3104631.0,
422,2026-09-01,GDDY,97.44000244140625,102.38999938964844,97.44000244140625,100.5999984741211,704299.0,
423,2026-09-01,ITW,275.0400085449219,276.75799560546875,270.05999755859375,270.3299865722656,314423.0,
424,2026-09-01,GS,1004.719970703125,1031.1199951171875,997.0,1012.6799926757812,537192.0,
425,2026-09-01,MSI,487.739990234375,490.75,486.2699890136719,489.82000732421875,267713.0,
426,2026-09-01,EME,730.25,735.8800048828125,722.0800170898438,732.1099853515625,115721.0,
427,2026-09-01,KVUE,18.899999618530273,19.030000686645508,18.760000228881836,18.780099868774414,9619722.0,
428,2026-09-01,BEN,33.849998474121094,34.02000045776367,33.255001068115234,33.275001525878906,1246394.0,
429,2026-09-01,BRK-B,506.0,506.75,503.19000244140625,504.5899963378906,1302703.0,
430,2026-09-01,TDG,1169.72998046875,1182.0,1157.1800537109375,1160.0555419921875,81867.0,
431,2026-09-01,IVZ,32.290000915527344,33.27000045776367,31.565799713134766,32.07500076293945,1918753.0,
432,2026-09-01,LH,335.2699890136719,336.4649963378906,329.2799987792969,330.5,190643.0,
433,2026-09-01,GOOGL,336.0,337.20001220703125,333.05999755859375,335.3900146484375,9099084.0,
434,2026-09-01,PAYX,127.33999633789062,127.9800033569336,125.79000091552734,126.04000091552734,464106.0,
435,2026-09-01,EBAY,103.83000183105469,106.29000091552734,102.81999969482422,105.80999755859375,1019621.0,
436,2026-09-01,FDS,310.9700012207031,313.57501220703125,306.5849914550781,310.0,221408.0,
437,2026-09-01,APA,44.15999984741211,44.18000030517578,43.279998779296875,43.81999969482422,1433304.0,
438,2026-09-01,XYZ,80.26000213623047,80.3583984375,79.41000366210938,79.6050033569336,1692681.0,
439,2026-09-01,ROST,224.91600036621094,229.3800048828125,224.4980010986328,228.11500549316406,458932.0,
440,2026-09-01,MCK,887.7000122070312,909.0700073242188,886.83447265625,906.6699829101562,241674.0,
441,2026-09-01,PNC,240.02000427246094,241.90499877929688,237.7050018310547,237.76499938964844,375480.0,
442,2026-09-01,WMT,105.19000244140625,106.63999938964844,104.66000366210938,106.13500213623047,9810444.0,
443,2026-09-01,TSLA,360.8550109863281,362.70001220703125,353.3900146484375,356.8721923828125,20279829.0,
444,2026-09-01,ADP,286.6700134277344,288.0,283.9400939941406,284.8399963378906,377778.0,
445,2026-09-01,IDXX,555.9500122070312,555.9500122070312,542.22998046875,543.6199951171875,122627.0,
446,2026-09-01,HRL,21.969999313354492,22.09000015258789,21.81999969482422,21.8799991607666,1832214.0,
447,2026-09-01,SPG,213.22999572753906,213.77999877929688,212.13999938964844,212.55999755859375,327533.0,
448,2026-09-01,DOV,193.07000732421875,194.4949951171875,190.77000427246094,190.8350067138672,403009.0,
449,2026-09-01,SCHW,109.44000244140625,109.80000305175781,108.41000366210938,108.55999755859375,2331156.0,
450,2026-09-01,VZ,50.5,50.92499923706055,50.255001068115234,50.37009811401367,8806233.0,
451,2026-09-01,NWSA,30.56999969482422,30.954999923706055,30.540000915527344,30.7549991607666,990849.0,
452,2026-09-01,NI,41.040000915527344,41.279998779296875,40.76250076293945,40.95500183105469,2277315.0,
453,2026-09-01,DDOG,232.6199951171875,237.3800048828125,225.58999633789062,225.72999572753906,1214049.0,
454,2026-09-01,VLO,363.9200134277344,364.9031066894531,356.2300109863281,358.3450012207031,888158.0,
455,2026-09-01,JCI,138.57000732421875,139.6999969482422,137.63999938964844,138.7899932861328,1082744.0,
456,2026-09-01,CVNA,72.11000061035156,72.26000213623047,70.6500015258789,71.5999984741211,2441869.0,
457,2026-09-01,PCAR,124.0,124.13999938964844,122.69999694824219,122.77999877929688,983778.0,
458,2026-09-01,CSX,50.11000061035156,50.47999954223633,48.34000015258789,48.38999938964844,5181298.0,
459,2026-09-01,LYB,66.05999755859375,66.44999694824219,64.6449966430664,65.02999877929688,512966.0,
460,2026-09-01,TRV,366.0,369.05999755859375,364.8299865722656,365.54998779296875,328589.0,
461,2026-09-01,RVTY,127.45999908447266,127.78500366210938,125.48999786376953,125.55000305175781,1274518.0,
462,2026-09-01,KO,89.58999633789062,89.77999877929688,87.96749877929688,88.01000213623047,4892058.0,
463,2026-09-01,RJF,176.27999877929688,176.63999938964844,172.6699981689453,172.73500061035156,380598.0,
464,2026-09-01,PYPL,52.38999938964844,52.88999938964844,52.32120132446289,52.70000076293945,3863686.0,
465,2026-09-01,TTD,13.529999732971191,13.9399995803833,13.369999885559082,13.805000305175781,7255348.0,
466,2026-09-01,BAX,26.309999465942383,26.559999465942383,26.020000457763672,26.05500030517578,1531086.0,
467,2026-09-01,FFIV,400.5899963378906,407.6300048828125,391.30999755859375,391.30999755859375,153208.0,
468,2026-09-01,GWW,1312.1600341796875,1317.010009765625,1297.93994140625,1301.5849609375,76194.0,
469,2026-09-01,CMG,38.130001068115234,38.36000061035156,37.56999969482422,37.79499816894531,3934622.0,
470,2026-09-01,EOG,147.61000061035156,147.83999633789062,145.8000030517578,147.10499572753906,1354064.0,
471,2026-09-01,COF,214.10000610351562,215.93499755859375,211.25,211.25,1056765.0,
472,2026-09-01,AXP,326.9599914550781,329.8800048828125,324.3999938964844,324.9599914550781,890722.0,
473,2026-09-01,HSIC,89.80000305175781,90.1500015258789,88.95999908447266,89.01000213623047,146325.0,
474,2026-09-01,LRCX,295.8399963378906,296.3399963378906,290.2099914550781,291.2300109863281,2330089.0,
475,2026-09-01,PHM,124.58999633789062,126.30000305175781,123.88999938964844,124.33000183105469,340294.0,
476,2026-09-01,NWS,34.279998779296875,34.689998626708984,34.125,34.279998779296875,544430.0,
477,2026-09-01,HCA,418.42999267578125,423.4198913574219,414.5,421.55499267578125,490958.0,
478,2026-09-01,ULTA,527.8400268554688,551.9600219726562,527.8400268554688,544.969970703125,312718.0,
479,2026-09-01,ORCL,146.75,146.77000427246094,141.49000549316406,141.6300048828125,11949685.0,
480,2026-09-01,AEP,122.83000183105469,123.58000183105469,122.2699966430664,122.75499725341797,701484.0,
481,2026-09-01,ESS,282.30999755859375,284.8349914550781,280.5299987792969,281.760009765625,103901.0,
482,2026-09-01,ALL,260.3299865722656,261.7900085449219,257.6499938964844,258.17999267578125,299144.0,
483,2026-09-01,DGX,242.72000122070312,243.72000122070312,238.13499450683594,238.49000549316406,244817.0,
484,2026-09-01,AFL,116.76000213623047,117.3499984741211,114.86000061035156,115.81999969482422,1021189.0,
485,2026-09-01,AAPL,316.9800109863281,327.29998779296875,314.73699951171875,326.6700134277344,27085539.0,
486,2026-09-01,LIN,488.5,488.9549865722656,482.4150085449219,482.760009765625,545747.0,
487,2026-09-01,MOS,23.940000534057617,25.190000534057617,23.422000885009766,24.81999969482422,3943428.0,
488,2026-09-01,XEL,75.76000213623047,76.2300033569336,75.5999984741211,75.75,1408787.0,
489,2026-09-01,LNT,68.24500274658203,68.55999755859375,67.81999969482422,68.0199966430664,719920.0,
490,2026-09-01,REGN,808.8599853515625,817.6300048828125,804.3200073242188,812.780029296875,225538.0,
491,2026-09-01,CINF,171.08999633789062,172.10000610351562,170.2899932861328,171.01499938964844,134566.0,
492,2026-09-01,PFE,28.81800079345703,29.09000015258789,28.5,28.53619956970215,19902720.0,
493,2026-09-01,MKC,54.5,55.189998626708984,54.275299072265625,54.279998779296875,673764.0,
494,2026-09-01,LMT,557.510009765625,564.74560546875,548.630126953125,549.27001953125,302314.0,
495,2026-09-01,MTB,232.44000244140625,234.8800048828125,231.53500366210938,231.9600067138672,249418.0,
496,2026-09-01,VICI,25.65999984741211,25.78499984741211,25.559999465942383,25.600000381469727,2265843.0,
497,2026-09-01,CBOE,296.989990234375,308.739990234375,298.010009765625,305.65008544921875,270819.0,
498,2026-09-01,PEG,73.68000030517578,73.88500213623047,73.16000366210938,73.38500213623047,623428.0,
499,2026-09-01,KMB,108.0,108.87000274658203,107.05000305175781,107.22000122070312,1380925.0,
500,2026-09-01,CBRE,144.80999755859375,146.57989501953125,142.98500061035156,144.4499969482422,542474.0,
501,2026-09-01,EFX,187.88999938964844,190.0399932861328,185.61000061035156,186.2100067138672,171675.0,
502,2026-09-01,TSN,,,,,,
